{
  "matches": 72,
  "prediction_cutoff_date": "2026-06-10T00:00:00",
  "outcome_log_loss": 0.8776094295216653,
  "outcome_brier_score": 0.5156276896047649,
  "outcome_accuracy": 0.6388888888888888,
  "probability_rps": 0.1532090804383241,
  "average_actual_outcome_probability": 0.4938294115831089,
  "top1_score_accuracy": 0.125,
  "top5_score_hit_rate": 0.4444444444444444,
  "home_goal_mae": 1.1152933507472298,
  "away_goal_mae": 0.8015063518483085,
  "mean_goal_mae": 0.9583998512977693,
  "total_goals_mae": 1.5885002173504552,
  "goal_difference_mae": 1.2957223608881339,
  "expected_total_goals": 202.32766998009527,
  "actual_total_goals": 213,
  "over_2_5_brier": 0.24994510966766864,
  "over_2_5_accuracy_at_0_5": 0.5972222222222222,
  "outcome_correct_count": 46,
  "top1_score_hit_count": 9,
  "top5_score_hit_count": 32,
  "rounded_outcome_accuracy": 0.6527777777777778,
  "rounded_rps": 0.19444444444444445,
  "rounded_outcome_correct_count": 47,
  "rounded_exact_score_accuracy": 0.08333333333333333,
  "rounded_exact_score_hit_count": 6,
  "rounded_predicted_draws": 16,
  "actual_draws": 20,
  "rounded_home_goal_exact_rate": 0.2916666666666667,
  "rounded_away_goal_exact_rate": 0.3472222222222222
}